"Key","Status"
"theme-message","Needs categorization"
"About Us","Needs categorization"
"Contact Us","Needs categorization"
"Login/Sign-up","Needs categorization"
"Therapeutic Area","Needs categorization"
"Help Center","Needs categorization"
"How It Works","Needs categorization"
"Enter Your Password","Needs categorization"
"Don???t have an account?","Needs categorization"
"Already have an account?","Needs categorization"
"Personal Information","Needs categorization"
"Full Name","Needs categorization"
"Last Name","Needs categorization"
"date","Needs categorization"
"Enter Your Registered Email Address","Needs categorization"
"New Password","Needs categorization"
"Language Spoken","Needs categorization"
"Medical History","Needs categorization"
"Blood Type","Needs categorization"
"Are You A Regular Smoker?","Needs categorization"
"Choose Registration Type","Needs categorization"
"Register as Patient","Needs categorization"
"Register as Doctor","Needs categorization"
"Terms & Conditions","Needs categorization"
"Copyright ?? 2022 Pharma Co. All rights reserved.","Needs categorization"
"Have you been diagnosed with any of the following mental health conditions?","Needs categorization"
"Are you currently taking any medications for mental health conditions?","Needs categorization"
"Please list the medications you are taking","Needs categorization"
"Enter medication names","Needs categorization"
"medication names","Needs categorization"
"Please select","Needs categorization"
"Have you experienced any of the following symptoms in the past 6 months?","Needs categorization"
"Have you ever received therapy or counseling before?","Needs categorization"
"Have you ever been diagnosed with any neurological conditions?","Needs categorization"
"Do you have a history of substance use or addiction?","Needs categorization"
"Have you experienced any major life events or traumas that may impact your mental health?","Needs categorization"
"Do you have any chronic physical health conditions?","Needs categorization"
"Select one or more diseases","Needs categorization"
"Select all that apply","Needs categorization"
"change password","Needs categorization"
"Old Password","Needs categorization"
"Please enter your old password.","Needs categorization"
"New Password","Needs categorization"
"Please enter a new password.","Needs categorization"
"Passwords do not match.","Needs categorization"
"Please enter your First Name","Needs categorization"
"Please enter your Email Address","Needs categorization"
"Confirm Password","Needs categorization"
"The old password is incorrect","Needs categorization"
"Password updated successfully","Needs categorization"
"NAAM Women???s Empowerment","Needs categorization"
"80% better sleep quality reported by parents.","Needs categorization"
"65% reduced anxiety/emotional outbursts.","Needs categorization"
"70% improved sensory processing.","Needs categorization"
"Therapy With","Needs categorization"
"Sama???a","Needs categorization"
"Sama???a for kids","Needs categorization"
"Lorem ipsum dolor sit amet, consectetur adipiscing elit, eiusmod tempor incididunt ut labore et dolore magna aliqua. Ut enim ad minim veniam???quis.","Needs categorization"
"BECOME SPONSOR","Needs categorization"
"Community Members","Needs categorization"
"Patients","Needs categorization"
"Participating Doctors","Needs categorization"
"K","Needs categorization"
"What our listeners say","Needs categorization"
"Their experience throughout every platform","Needs categorization"
"Our Doctors","Needs categorization"
"follow me","Needs categorization"
"Host","Needs categorization"
"doctor","Needs categorization"
"Get In Touch","Needs categorization"
"We???re Here to Help You Heal","Needs categorization"
"contact-description","Needs categorization"
"Let???s Start Your Journey","Needs categorization"
"Enter Your Name","Needs categorization"
"Phone Number","Needs categorization"
"Email Address","Needs categorization"
"Choose Subject","Needs categorization"
"Your Message","Needs categorization"
"How can we support your healing journey?","Needs categorization"
"Follow SAMAA","Needs categorization"
"Join Our Newsletter","Needs categorization"
"Get free sound therapy tips and updates","Needs categorization"
"Facebook link","Needs categorization"
"Twitter link","Needs categorization"
"Instagram link","Needs categorization"
"Patient list","Needs categorization"
"Doctor list","Needs categorization"
"Feedback list","Needs categorization"
"Patients Booking","Needs categorization"
"My Bookings","Needs categorization"
"This is the Dashboard of the Samaa.","Needs categorization"
"Actions","Needs categorization"
"View","Needs categorization"
"Edit","Needs categorization"
"Go Back","Needs categorization"
"Add New Patient","Needs categorization"
"Create","Needs categorization"
"Smoker","Needs categorization"
"Patient Gender","Needs categorization"
"ID","Needs categorization"
"Specialization","Needs categorization"
"Add New Doctor","Needs categorization"
"Book an appointment","Needs categorization"
"Schedule Appointment","Needs categorization"
"therapy list","Needs categorization"
"My Playlist","Needs categorization"
"Doctor Name","Needs categorization"
"Created","Needs categorization"
"Updated","Needs categorization"
"start your music therapy","Needs categorization"
"start your","Needs categorization"
"Set the Therapy thumbnail image. Only *.png, *.jpg, and *.jpeg image files are accepted","Needs categorization"
"File Name","Needs categorization"
"Upload File","Needs categorization"
"Edit Audio (optional)","Needs categorization"
"Old Audio","Needs categorization"
"Patient Name","Needs categorization"
"User","Needs categorization"
"User Name","Needs categorization"
"Patient","Needs categorization"
"Add Feedback","Needs categorization"
"Improvement","Needs categorization"
"Date","Needs categorization"
"Search","Needs categorization"
"Search doctors...","Needs categorization"
"No results found","Needs categorization"
"Note","Needs categorization"
"Submit Feedback","Needs categorization"
"All Therapies","Needs categorization"
"Booking Date","Needs categorization"
"Booking Reason","Needs categorization"
"Booking status","Needs categorization"
"Add Therapy","Needs categorization"
"Create by Admin, No Patient Available","Needs categorization"
"Change Status","Needs categorization"
"be Approved before","Needs categorization"
"Add","Needs categorization"
"Booking with a doctor","Needs categorization"
"Doctor Specialization","Needs categorization"
"Canceled","Needs categorization"
"Reschedule appointment","Needs categorization"
"Select Appointment - Week View","Needs categorization"
"Select Appointment - Month View","Needs categorization"
"Select Time","Needs categorization"
"Close","Needs categorization"
"Save","Needs categorization"
"Cancel","Needs categorization"
"Reason","Needs categorization"
"Appointment Event","Needs categorization"
"Delete Event","Needs categorization"
"Are you sure you want to delete this event?","Needs categorization"
"Delete","Needs categorization"
"AM","Needs categorization"
"PM","Needs categorization"
"Samaa Music Player","Needs categorization"
"Session Chat","Needs categorization"
"Start Call","Needs categorization"
"End Call","Needs categorization"
"Type your message here","Needs categorization"
"Pending","Needs categorization"
"Approved","Needs categorization"
"Canceled By Patient","Needs categorization"
"Select a time","Needs categorization"
"Available (Preview)","Needs categorization"
"Available","Needs categorization"
"From","Needs categorization"
"To","Needs categorization"
"prev","Needs categorization"
"today","Needs categorization"
"1_day_ago","Needs categorization"
"x_days_ago","Needs categorization"
"week","Needs categorization"
"month","Needs categorization"
"day","Needs categorization"
"list","Needs categorization"
"This time has been added successfully","Needs categorization"
"Success","Needs categorization"
"Error","Needs categorization"
"OK","Needs categorization"
"The email address is already in use by another user","Needs categorization"
"This time has been predetermined","Needs categorization"
"The appointment has been successfully deleted","Needs categorization"
"You cannot delete it. It has already been booked","Needs categorization"
"The appointment has been booked successfully, If you want to check your reservation, click (go back)","Needs categorization"
"reserved","Needs categorization"
"Successfully Logged-in","Needs categorization"
"The email address is incorrect","Needs categorization"
"Password is incorrect","Needs categorization"
"Login failed due to unknown reason","Needs categorization"
"This email is already registered.","Needs categorization"
"Successfully Added!","Needs categorization"
"Patient Canceled successfully","Needs categorization"
"Doctor created successfully","Needs categorization"
"Doctor Profile updated successfully","Needs categorization"
"Doctor updated successfully","Needs categorization"
"Doctor deleted successfully","Needs categorization"
"Doctor updated status successfully","Needs categorization"
"Feedback created successfully","Needs categorization"
"Feedback deleted successfully","Needs categorization"
"This email is associated with another account.","Needs categorization"
"The email already exists. Please log in to submit feedback.","Needs categorization"
"Patient created successfully","Needs categorization"
"Patient updated successfully","Needs categorization"
"Patient Profile updated successfully","Needs categorization"
"Patient deleted successfully","Needs categorization"
"Therapy Created successfully","Needs categorization"
"Therapy deleted successfully","Needs categorization"
"Therapy Updated successfully","Needs categorization"
"Control_patient","Needs categorization"
"Songs","Needs categorization"
"Albums","Needs categorization"
"Play","Needs categorization"
"Pause","Needs categorization"
"Change_track","Needs categorization"
"INITIALIZING MUSIC PLAYER","Needs categorization"
"All the songs","Needs categorization"
"Search or Create Album","Needs categorization"
"User not found","Needs categorization"
"Blog created successfully","Needs categorization"
"Blog updated successfully","Needs categorization"
"Blog deleted successfully","Needs categorization"
"Blog list","Needs categorization"
"Add New Blog","Needs categorization"
"posted Date","Needs categorization"
"Set the Blog thumbnail image. Only *.png, *.jpg, and *.jpeg image files are accepted","Needs categorization"
"Posted on","Needs categorization"
"Search","Needs categorization"
"related Post","Needs categorization"
"blogs","Needs categorization"
